{
  "accuracy_at_0.5": 0.7225961389802208,
  "roc_auc": 0.6933705548182049,
  "average_precision": 0.8228583564903617,
  "brier": 0.1887740837271526,
  "best_threshold": 0.42000000000000004,
  "best_f1": 0.8282250297433573
}