{
  "best_threshold": 0.42000000000000004,
  "best_f1": 0.8282250297433573
}